StandardGP,d962cedb-67d8-11f0-b910-14f6d876cbf8,land_mines,1111,0,1.4263529777526855,0.011951923370361328,244.0,1.5194813013076782,3,0.0,10.910774,2
StandardGP,d962cedb-67d8-11f0-b910-14f6d876cbf8,land_mines,1111,1,1.4263529777526855,0.007035732269287109,216.0,1.5194813013076782,3,0.0,2.8691897,2
StandardGP,d962cedb-67d8-11f0-b910-14f6d876cbf8,land_mines,1111,2,1.4263529777526855,0.008941888809204102,262.0,1.5194813013076782,3,0.0,5.1692286,2
StandardGP,d962cedb-67d8-11f0-b910-14f6d876cbf8,land_mines,1111,3,1.4263529777526855,0.00800323486328125,332.0,1.5194813013076782,3,0.0,4.362578,2
StandardGP,d962cedb-67d8-11f0-b910-14f6d876cbf8,land_mines,1111,4,1.4263529777526855,0.007985115051269531,302.0,1.5194813013076782,3,0.0,3.9840457,2
StandardGP,d962cedb-67d8-11f0-b910-14f6d876cbf8,land_mines,1111,5,1.4263529777526855,0.009000062942504883,352.0,1.5194813013076782,3,0.0,22.74531,2
StandardGP,d962cedb-67d8-11f0-b910-14f6d876cbf8,land_mines,1111,6,1.4263529777526855,0.00899958610534668,428.0,1.5194813013076782,3,0.0,10.726839,2
StandardGP,d962cedb-67d8-11f0-b910-14f6d876cbf8,land_mines,1111,7,1.4263529777526855,0.010997772216796875,392.0,1.5194813013076782,3,0.0,1.1089581,2
StandardGP,d962cedb-67d8-11f0-b910-14f6d876cbf8,land_mines,1111,8,1.4263529777526855,0.009999275207519531,400.0,1.5194813013076782,3,0.0,24.553314,2
StandardGP,d962cedb-67d8-11f0-b910-14f6d876cbf8,land_mines,1111,9,1.4263529777526855,0.007999897003173828,306.0,1.5194813013076782,3,0.0,0.7773557,2
StandardGP,d962cedb-67d8-11f0-b910-14f6d876cbf8,land_mines,1111,10,1.4263529777526855,0.008999824523925781,360.0,1.5194813013076782,3,0.0,7.0986023,2
StandardGP,d962cedb-67d8-11f0-b910-14f6d876cbf8,land_mines,1111,11,1.4263529777526855,0.008999824523925781,408.0,1.5194813013076782,3,0.0,0.8765155,2
StandardGP,d962cedb-67d8-11f0-b910-14f6d876cbf8,land_mines,1111,12,1.4263529777526855,0.007998466491699219,346.0,1.5194813013076782,3,0.0,0.8465882,2
StandardGP,d962cedb-67d8-11f0-b910-14f6d876cbf8,land_mines,1111,13,1.4263529777526855,0.00803995132446289,340.0,1.5194813013076782,3,0.0,0.9129446,2
StandardGP,d962cedb-67d8-11f0-b910-14f6d876cbf8,land_mines,1111,14,1.4263529777526855,0.0070078372955322266,314.0,1.5194813013076782,3,0.0,1.2292084,2
StandardGP,d962cedb-67d8-11f0-b910-14f6d876cbf8,land_mines,1111,15,1.4263529777526855,0.007039308547973633,326.0,1.5194813013076782,3,0.0,1.003993,2
StandardGP,d962cedb-67d8-11f0-b910-14f6d876cbf8,land_mines,1111,16,1.4263529777526855,0.006999492645263672,400.0,1.5194813013076782,3,0.0,1.1550595,2
StandardGP,d962cedb-67d8-11f0-b910-14f6d876cbf8,land_mines,1111,17,1.4263529777526855,0.017934560775756836,424.0,1.5194813013076782,3,0.0,1.1578863,2
StandardGP,d962cedb-67d8-11f0-b910-14f6d876cbf8,land_mines,1111,18,1.4263529777526855,0.012971878051757812,542.0,1.5194813013076782,3,0.0,1.165045,2
StandardGP,d962cedb-67d8-11f0-b910-14f6d876cbf8,land_mines,1111,19,1.4263529777526855,0.013029813766479492,540.0,1.5194813013076782,3,0.0,1.3528681,2
StandardGP,d962cedb-67d8-11f0-b910-14f6d876cbf8,land_mines,1111,20,1.4263529777526855,0.011998891830444336,620.0,1.5194813013076782,3,0.0,46.883152,2
StandardGP,d962cedb-67d8-11f0-b910-14f6d876cbf8,land_mines,1111,21,1.4263529777526855,0.0170438289642334,722.0,1.5194813013076782,3,0.0,1.0272702,2
StandardGP,d962cedb-67d8-11f0-b910-14f6d876cbf8,land_mines,1111,22,1.4263529777526855,0.012062549591064453,814.0,1.5194813013076782,3,0.0,2.1539276,2
StandardGP,d962cedb-67d8-11f0-b910-14f6d876cbf8,land_mines,1111,23,1.4263529777526855,0.013997077941894531,968.0,1.5194813013076782,3,0.0,1.043492,2
StandardGP,d962cedb-67d8-11f0-b910-14f6d876cbf8,land_mines,1111,24,1.4263529777526855,0.013980627059936523,986.0,1.5194813013076782,3,0.0,2.5461628,2
StandardGP,d962cedb-67d8-11f0-b910-14f6d876cbf8,land_mines,1111,25,1.4263529777526855,0.015000343322753906,1072.0,1.5194813013076782,3,0.0,3.340366,2
StandardGP,d962cedb-67d8-11f0-b910-14f6d876cbf8,land_mines,1111,26,1.4263529777526855,0.014997720718383789,986.0,1.5194813013076782,3,0.0,5.283874,2
StandardGP,d962cedb-67d8-11f0-b910-14f6d876cbf8,land_mines,1111,27,1.4263529777526855,0.014000415802001953,1054.0,1.5194813013076782,3,0.0,2.1771908,2
StandardGP,d962cedb-67d8-11f0-b910-14f6d876cbf8,land_mines,1111,28,1.4263529777526855,0.020996809005737305,1304.0,1.5194813013076782,3,0.0,2.1847856,2
StandardGP,d962cedb-67d8-11f0-b910-14f6d876cbf8,land_mines,1111,29,1.4263529777526855,0.023006439208984375,1506.0,1.5194813013076782,3,0.0,1.3812759,2
StandardGP,d962cedb-67d8-11f0-b910-14f6d876cbf8,land_mines,1111,30,1.4263529777526855,0.027960777282714844,1544.0,1.5194813013076782,3,0.0,2.4969242,2
StandardGP,d962cedb-67d8-11f0-b910-14f6d876cbf8,land_mines,1111,31,1.4263529777526855,0.024982929229736328,1566.0,1.5194813013076782,3,0.0,1.9217932,2
StandardGP,d962cedb-67d8-11f0-b910-14f6d876cbf8,land_mines,1111,32,1.4263529777526855,0.02300858497619629,1614.0,1.5194813013076782,3,0.0,1.3221462,2
StandardGP,d962cedb-67d8-11f0-b910-14f6d876cbf8,land_mines,1111,33,1.4263529777526855,0.022000551223754883,1568.0,1.5194813013076782,3,0.0,5.216371,2
StandardGP,d962cedb-67d8-11f0-b910-14f6d876cbf8,land_mines,1111,34,1.4263529777526855,0.022544384002685547,1610.0,1.5194813013076782,3,0.0,1.2549174,2
StandardGP,d962cedb-67d8-11f0-b910-14f6d876cbf8,land_mines,1111,35,1.4263529777526855,0.019997835159301758,1572.0,1.5194813013076782,3,0.0,1.9922237,2
StandardGP,d962cedb-67d8-11f0-b910-14f6d876cbf8,land_mines,1111,36,1.4263529777526855,0.020994901657104492,1496.0,1.5194813013076782,3,0.0,7.8198843,2
StandardGP,d962cedb-67d8-11f0-b910-14f6d876cbf8,land_mines,1111,37,1.4263529777526855,0.0189974308013916,1484.0,1.5194813013076782,3,0.0,3.8464904,2
StandardGP,d962cedb-67d8-11f0-b910-14f6d876cbf8,land_mines,1111,38,1.4263529777526855,0.02399587631225586,1506.0,1.5194813013076782,3,0.0,0.8598692,2
StandardGP,d962cedb-67d8-11f0-b910-14f6d876cbf8,land_mines,1111,39,1.4263529777526855,0.02504563331604004,1498.0,1.5194813013076782,3,0.0,5.1317825,2
StandardGP,d962cedb-67d8-11f0-b910-14f6d876cbf8,land_mines,1111,40,1.4263529777526855,0.021961688995361328,1470.0,1.5194813013076782,3,0.0,2.046249,2
StandardGP,d962cedb-67d8-11f0-b910-14f6d876cbf8,land_mines,1111,41,1.4263529777526855,0.016999244689941406,1446.0,1.5194813013076782,3,0.0,0.9092722,2
StandardGP,d962cedb-67d8-11f0-b910-14f6d876cbf8,land_mines,1111,42,1.4263529777526855,0.016999244689941406,1372.0,1.5194813013076782,3,0.0,3.283493,2
StandardGP,d962cedb-67d8-11f0-b910-14f6d876cbf8,land_mines,1111,43,1.4263529777526855,0.01699972152709961,1384.0,1.5194813013076782,3,0.0,1.5422829,2
StandardGP,d962cedb-67d8-11f0-b910-14f6d876cbf8,land_mines,1111,44,1.4263529777526855,0.017042875289916992,1318.0,1.5194813013076782,3,0.0,1.3153961,2
StandardGP,d962cedb-67d8-11f0-b910-14f6d876cbf8,land_mines,1111,45,1.4263529777526855,0.01395416259765625,1192.0,1.5194813013076782,3,0.0,3.526053,2
StandardGP,d962cedb-67d8-11f0-b910-14f6d876cbf8,land_mines,1111,46,1.4263529777526855,0.013999462127685547,1236.0,1.5194813013076782,3,0.0,1.0224266,2
StandardGP,d962cedb-67d8-11f0-b910-14f6d876cbf8,land_mines,1111,47,1.4263529777526855,0.012999534606933594,1234.0,1.5194813013076782,3,0.0,1.1548295,2
StandardGP,d962cedb-67d8-11f0-b910-14f6d876cbf8,land_mines,1111,48,1.4263529777526855,0.013999462127685547,1226.0,1.5194813013076782,3,0.0,0.5342449,2
StandardGP,d962cedb-67d8-11f0-b910-14f6d876cbf8,land_mines,1111,49,1.4263529777526855,0.013999700546264648,1186.0,1.5194813013076782,3,0.0,1.0209191,2
StandardGP,d962cedb-67d8-11f0-b910-14f6d876cbf8,land_mines,1111,50,1.4263529777526855,0.01599884033203125,1232.0,1.5194813013076782,3,0.0,1.4222296,2
StandardGP,d962cedb-67d8-11f0-b910-14f6d876cbf8,land_mines,1111,51,1.4263529777526855,0.017999649047851562,1266.0,1.5194813013076782,3,0.0,2.124108,2
StandardGP,d962cedb-67d8-11f0-b910-14f6d876cbf8,land_mines,1111,52,1.4263529777526855,0.01599860191345215,1302.0,1.5194813013076782,3,0.0,0.77968836,2
StandardGP,d962cedb-67d8-11f0-b910-14f6d876cbf8,land_mines,1111,53,1.4263529777526855,0.015999317169189453,1266.0,1.5194813013076782,3,0.0,0.7169484,2
StandardGP,d962cedb-67d8-11f0-b910-14f6d876cbf8,land_mines,1111,54,1.4263529777526855,0.015000104904174805,1208.0,1.5194813013076782,3,0.0,1.3473423,2
StandardGP,d962cedb-67d8-11f0-b910-14f6d876cbf8,land_mines,1111,55,1.4263529777526855,0.015999555587768555,1250.0,1.5194813013076782,3,0.0,1.4014229,2
StandardGP,d962cedb-67d8-11f0-b910-14f6d876cbf8,land_mines,1111,56,1.4263529777526855,0.017998695373535156,1266.0,1.5194813013076782,3,0.0,0.719311,2
StandardGP,d962cedb-67d8-11f0-b910-14f6d876cbf8,land_mines,1111,57,1.4263529777526855,0.016999244689941406,1086.0,1.5194813013076782,3,0.0,1.491646,2
StandardGP,d962cedb-67d8-11f0-b910-14f6d876cbf8,land_mines,1111,58,1.4263529777526855,0.013003110885620117,1070.0,1.5194813013076782,3,0.0,1.3641968,2
StandardGP,d962cedb-67d8-11f0-b910-14f6d876cbf8,land_mines,1111,59,1.4263529777526855,0.0169980525970459,1182.0,1.5194813013076782,3,0.0,0.9211863,2
StandardGP,d962cedb-67d8-11f0-b910-14f6d876cbf8,land_mines,1111,60,1.4263529777526855,0.017035961151123047,1160.0,1.5194813013076782,3,0.0,3.0637298,2
StandardGP,d962cedb-67d8-11f0-b910-14f6d876cbf8,land_mines,1111,61,1.4263529777526855,0.013994932174682617,1160.0,1.5194813013076782,3,0.0,0.8924871,2
StandardGP,d962cedb-67d8-11f0-b910-14f6d876cbf8,land_mines,1111,62,1.4263529777526855,0.015982389450073242,1168.0,1.5194813013076782,3,0.0,1.0793115,2
StandardGP,d962cedb-67d8-11f0-b910-14f6d876cbf8,land_mines,1111,63,1.4263529777526855,0.01399683952331543,1136.0,1.5194813013076782,3,0.0,1.620159,2
StandardGP,d962cedb-67d8-11f0-b910-14f6d876cbf8,land_mines,1111,64,1.4263529777526855,0.020952701568603516,1204.0,1.5194813013076782,3,0.0,0.97400767,2
StandardGP,d962cedb-67d8-11f0-b910-14f6d876cbf8,land_mines,1111,65,1.4263529777526855,0.016002893447875977,1198.0,1.5194813013076782,3,0.0,2.283606,2
StandardGP,d962cedb-67d8-11f0-b910-14f6d876cbf8,land_mines,1111,66,1.4263529777526855,0.015000104904174805,1126.0,1.5194813013076782,3,0.0,1.3950095,2
StandardGP,d962cedb-67d8-11f0-b910-14f6d876cbf8,land_mines,1111,67,1.4263529777526855,0.020035982131958008,1090.0,1.5194813013076782,3,0.0,3.0186815,2
StandardGP,d962cedb-67d8-11f0-b910-14f6d876cbf8,land_mines,1111,68,1.4263529777526855,0.015966415405273438,1094.0,1.5194813013076782,3,0.0,1.4650186,2
StandardGP,d962cedb-67d8-11f0-b910-14f6d876cbf8,land_mines,1111,69,1.4263529777526855,0.014007568359375,1164.0,1.5194813013076782,3,0.0,2.0805357,2
StandardGP,d962cedb-67d8-11f0-b910-14f6d876cbf8,land_mines,1111,70,1.4263529777526855,0.014988183975219727,1122.0,1.5194813013076782,3,0.0,2.0939229,2
StandardGP,d962cedb-67d8-11f0-b910-14f6d876cbf8,land_mines,1111,71,1.4263529777526855,0.014040708541870117,1070.0,1.5194813013076782,3,0.0,1.7583463,2
StandardGP,d962cedb-67d8-11f0-b910-14f6d876cbf8,land_mines,1111,72,1.4263529777526855,0.012998819351196289,1082.0,1.5194813013076782,3,0.0,5.4359627,2
StandardGP,d962cedb-67d8-11f0-b910-14f6d876cbf8,land_mines,1111,73,1.4263529777526855,0.015999794006347656,1172.0,1.5194813013076782,3,0.0,0.8711821,2
StandardGP,d962cedb-67d8-11f0-b910-14f6d876cbf8,land_mines,1111,74,1.4263529777526855,0.012998342514038086,1060.0,1.5194813013076782,3,0.0,1.7920532,2
StandardGP,d962cedb-67d8-11f0-b910-14f6d876cbf8,land_mines,1111,75,1.4263529777526855,0.01500082015991211,1082.0,1.5194813013076782,3,0.0,1.3841491,2
StandardGP,d962cedb-67d8-11f0-b910-14f6d876cbf8,land_mines,1111,76,1.4263529777526855,0.020195484161376953,1024.0,1.5194813013076782,3,0.0,2.4850876,2
StandardGP,d962cedb-67d8-11f0-b910-14f6d876cbf8,land_mines,1111,77,1.4263529777526855,0.018023967742919922,1160.0,1.5194813013076782,3,0.0,2.0208163,2
StandardGP,d962cedb-67d8-11f0-b910-14f6d876cbf8,land_mines,1111,78,1.4263529777526855,0.01401662826538086,1016.0,1.5194813013076782,3,0.0,1.5825133,2
StandardGP,d962cedb-67d8-11f0-b910-14f6d876cbf8,land_mines,1111,79,1.4263529777526855,0.025983333587646484,1078.0,1.5194813013076782,3,0.0,1.9462655,2
StandardGP,d962cedb-67d8-11f0-b910-14f6d876cbf8,land_mines,1111,80,1.4263529777526855,0.015041112899780273,1058.0,1.5194813013076782,3,0.0,0.061902743,2
StandardGP,d962cedb-67d8-11f0-b910-14f6d876cbf8,land_mines,1111,81,1.4263529777526855,0.015003442764282227,1032.0,1.5194813013076782,3,0.0,2.3980305,2
StandardGP,d962cedb-67d8-11f0-b910-14f6d876cbf8,land_mines,1111,82,1.4263529777526855,0.01600813865661621,1054.0,1.5194813013076782,3,0.0,0.63452107,2
StandardGP,d962cedb-67d8-11f0-b910-14f6d876cbf8,land_mines,1111,83,1.4263529777526855,0.012999534606933594,1056.0,1.5194813013076782,3,0.0,2.242292,2
StandardGP,d962cedb-67d8-11f0-b910-14f6d876cbf8,land_mines,1111,84,1.4263529777526855,0.01295781135559082,1056.0,1.5194813013076782,3,0.0,1.0434254,2
StandardGP,d962cedb-67d8-11f0-b910-14f6d876cbf8,land_mines,1111,85,1.4263529777526855,0.014959096908569336,1066.0,1.5194813013076782,3,0.0,1.1010709,2
StandardGP,d962cedb-67d8-11f0-b910-14f6d876cbf8,land_mines,1111,86,1.4263529777526855,0.016002178192138672,1168.0,1.5194813013076782,3,0.0,0.81798834,2
StandardGP,d962cedb-67d8-11f0-b910-14f6d876cbf8,land_mines,1111,87,1.4263529777526855,0.01499795913696289,1114.0,1.5194813013076782,3,0.0,1.0335724,2
StandardGP,d962cedb-67d8-11f0-b910-14f6d876cbf8,land_mines,1111,88,1.4263529777526855,0.017038345336914062,1200.0,1.5194813013076782,3,0.0,0.9037281,2
StandardGP,d962cedb-67d8-11f0-b910-14f6d876cbf8,land_mines,1111,89,1.4263529777526855,0.01596689224243164,1132.0,1.5194813013076782,3,0.0,1.4340162,2
StandardGP,d962cedb-67d8-11f0-b910-14f6d876cbf8,land_mines,1111,90,1.4263529777526855,0.01698780059814453,1238.0,1.5194813013076782,3,0.0,3.0179503,2
StandardGP,d962cedb-67d8-11f0-b910-14f6d876cbf8,land_mines,1111,91,1.4263529777526855,0.0159909725189209,1358.0,1.5194813013076782,3,0.0,1.436061,2
StandardGP,d962cedb-67d8-11f0-b910-14f6d876cbf8,land_mines,1111,92,1.4263529777526855,0.015999317169189453,1284.0,1.5194813013076782,3,0.0,1.203147,2
StandardGP,d962cedb-67d8-11f0-b910-14f6d876cbf8,land_mines,1111,93,1.4263529777526855,0.013959884643554688,1298.0,1.5194813013076782,3,0.0,0.9119842,2
StandardGP,d962cedb-67d8-11f0-b910-14f6d876cbf8,land_mines,1111,94,1.4263529777526855,0.022097349166870117,1244.0,1.5194813013076782,3,0.0,0.78534555,2
StandardGP,d962cedb-67d8-11f0-b910-14f6d876cbf8,land_mines,1111,95,1.4263529777526855,0.026001453399658203,1288.0,1.5194813013076782,3,0.0,1.0950357,2
StandardGP,d962cedb-67d8-11f0-b910-14f6d876cbf8,land_mines,1111,96,1.4263529777526855,0.039994001388549805,1308.0,1.5194813013076782,3,0.0,0.89338386,2
StandardGP,d962cedb-67d8-11f0-b910-14f6d876cbf8,land_mines,1111,97,1.4263529777526855,0.03900265693664551,1316.0,1.5194813013076782,3,0.0,0.8005012,2
StandardGP,d962cedb-67d8-11f0-b910-14f6d876cbf8,land_mines,1111,98,1.4263529777526855,0.04900550842285156,1358.0,1.5194813013076782,3,0.0,0.7713737,2
StandardGP,d962cedb-67d8-11f0-b910-14f6d876cbf8,land_mines,1111,99,1.4263529777526855,0.038996219635009766,1102.0,1.5194813013076782,3,0.0,1.0557885,2
StandardGP,d962cedb-67d8-11f0-b910-14f6d876cbf8,land_mines,1111,100,1.4263529777526855,0.034000396728515625,1146.0,1.5194813013076782,3,0.0,1.0533907,2
StandardGP,87e49860-67d9-11f0-8dd6-14f6d876cbf8,land_mines,1111,0,1.5639970302581787,0.005999565124511719,134.0,1.5929789543151855,5,0.0,13.623968,2
StandardGP,87e49860-67d9-11f0-8dd6-14f6d876cbf8,land_mines,1111,1,1.4263529777526855,0.003998756408691406,154.0,1.5194813013076782,3,0.0,3.432543,2
StandardGP,87e49860-67d9-11f0-8dd6-14f6d876cbf8,land_mines,1111,2,1.4263529777526855,0.003999471664428711,138.0,1.5194813013076782,3,0.0,1.3468175,2
StandardGP,87e49860-67d9-11f0-8dd6-14f6d876cbf8,land_mines,1111,3,1.4263529777526855,0.0039997100830078125,152.0,1.5194813013076782,3,0.0,1.3064593,2
StandardGP,87e49860-67d9-11f0-8dd6-14f6d876cbf8,land_mines,1111,4,1.4263529777526855,0.004999399185180664,188.0,1.5194813013076782,3,0.0,1.6102895,2
StandardGP,87e49860-67d9-11f0-8dd6-14f6d876cbf8,land_mines,1111,5,1.4263529777526855,0.004999399185180664,240.0,1.5194813013076782,3,0.0,1.9018782,2
StandardGP,87e49860-67d9-11f0-8dd6-14f6d876cbf8,land_mines,1111,6,1.4263529777526855,0.004999637603759766,248.0,1.5194813013076782,3,0.0,1.7679055,2
StandardGP,87e49860-67d9-11f0-8dd6-14f6d876cbf8,land_mines,1111,7,1.4263529777526855,0.003999471664428711,166.0,1.5194813013076782,3,0.0,2.0122597,2
StandardGP,87e49860-67d9-11f0-8dd6-14f6d876cbf8,land_mines,1111,8,1.4263529777526855,0.0029990673065185547,142.0,1.5194813013076782,3,0.0,1.2611258,2
StandardGP,87e49860-67d9-11f0-8dd6-14f6d876cbf8,land_mines,1111,9,1.4263529777526855,0.002999544143676758,160.0,1.5194813013076782,3,0.0,1.7678823,2
StandardGP,87e49860-67d9-11f0-8dd6-14f6d876cbf8,land_mines,1111,10,1.4263529777526855,0.004000425338745117,162.0,1.5194813013076782,3,0.0,1.6668643,2
StandardGP,87e49860-67d9-11f0-8dd6-14f6d876cbf8,land_mines,1111,11,1.4263529777526855,0.0030002593994140625,144.0,1.5194813013076782,3,0.0,5.023504,2
StandardGP,87e49860-67d9-11f0-8dd6-14f6d876cbf8,land_mines,1111,12,1.4263529777526855,0.002999544143676758,184.0,1.5194813013076782,3,0.0,3.223708,2
StandardGP,87e49860-67d9-11f0-8dd6-14f6d876cbf8,land_mines,1111,13,1.4263529777526855,0.0029997825622558594,164.0,1.5194813013076782,3,0.0,2.885637,2
StandardGP,87e49860-67d9-11f0-8dd6-14f6d876cbf8,land_mines,1111,14,1.4263529777526855,0.003998279571533203,154.0,1.5194813013076782,3,0.0,1.9698805,2
StandardGP,87e49860-67d9-11f0-8dd6-14f6d876cbf8,land_mines,1111,15,1.4263529777526855,0.0029997825622558594,158.0,1.5194813013076782,3,0.0,1.9150214,2
StandardGP,87e49860-67d9-11f0-8dd6-14f6d876cbf8,land_mines,1111,16,1.4263529777526855,0.0039997100830078125,176.0,1.5194813013076782,3,0.0,1.0463542,2
StandardGP,87e49860-67d9-11f0-8dd6-14f6d876cbf8,land_mines,1111,17,1.4263529777526855,0.002999544143676758,158.0,1.5194813013076782,3,0.0,1.050248,2
StandardGP,87e49860-67d9-11f0-8dd6-14f6d876cbf8,land_mines,1111,18,1.4263529777526855,0.004000425338745117,152.0,1.5194813013076782,3,0.0,1.3089638,2
StandardGP,87e49860-67d9-11f0-8dd6-14f6d876cbf8,land_mines,1111,19,1.4263529777526855,0.0019991397857666016,130.0,1.5194813013076782,3,0.0,1.3349471,2
StandardGP,87e49860-67d9-11f0-8dd6-14f6d876cbf8,land_mines,1111,20,1.4263529777526855,0.0029993057250976562,134.0,1.5194813013076782,3,0.0,1.2454197,2
StandardGP,87e49860-67d9-11f0-8dd6-14f6d876cbf8,land_mines,1111,21,1.4263529777526855,0.003998994827270508,200.0,1.5194813013076782,3,0.0,1.884041,2
StandardGP,87e49860-67d9-11f0-8dd6-14f6d876cbf8,land_mines,1111,22,1.4263529777526855,0.003999233245849609,224.0,1.5194813013076782,3,0.0,1.6522472,2
StandardGP,87e49860-67d9-11f0-8dd6-14f6d876cbf8,land_mines,1111,23,1.4263529777526855,0.004999637603759766,220.0,1.5194813013076782,3,0.0,2.1809642,2
StandardGP,87e49860-67d9-11f0-8dd6-14f6d876cbf8,land_mines,1111,24,1.4263529777526855,0.00504302978515625,242.0,1.5194813013076782,3,0.0,1.763462,2
StandardGP,87e49860-67d9-11f0-8dd6-14f6d876cbf8,land_mines,1111,25,1.4263529777526855,0.0049991607666015625,228.0,1.5194813013076782,3,0.0,1.4969548,2
StandardGP,87e49860-67d9-11f0-8dd6-14f6d876cbf8,land_mines,1111,26,1.4263529777526855,0.00599980354309082,270.0,1.5194813013076782,3,0.0,1.4390959,2
StandardGP,87e49860-67d9-11f0-8dd6-14f6d876cbf8,land_mines,1111,27,1.4263529777526855,0.005000591278076172,294.0,1.5194813013076782,3,0.0,8.646718,2
StandardGP,87e49860-67d9-11f0-8dd6-14f6d876cbf8,land_mines,1111,28,1.4263529777526855,0.004982709884643555,342.0,1.5194813013076782,3,0.0,3.264698,2
StandardGP,87e49860-67d9-11f0-8dd6-14f6d876cbf8,land_mines,1111,29,1.4263529777526855,0.00597834587097168,410.0,1.5194813013076782,3,0.0,2.0245361,2
StandardGP,87e49860-67d9-11f0-8dd6-14f6d876cbf8,land_mines,1111,30,1.4263529777526855,0.006009578704833984,342.0,1.5194813013076782,3,0.0,2.1779642,2
StandardGP,87e49860-67d9-11f0-8dd6-14f6d876cbf8,land_mines,1111,31,1.4263529777526855,0.007007122039794922,364.0,1.5194813013076782,3,0.0,1.173825,2
StandardGP,87e49860-67d9-11f0-8dd6-14f6d876cbf8,land_mines,1111,32,1.4263529777526855,0.003999471664428711,258.0,1.5194813013076782,3,0.0,1.4574568,2
StandardGP,87e49860-67d9-11f0-8dd6-14f6d876cbf8,land_mines,1111,33,1.4263529777526855,0.005988597869873047,222.0,1.5194813013076782,3,0.0,2.1665664,2
StandardGP,87e49860-67d9-11f0-8dd6-14f6d876cbf8,land_mines,1111,34,1.4263529777526855,0.004004240036010742,200.0,1.5194813013076782,3,0.0,1.1918131,2
StandardGP,87e49860-67d9-11f0-8dd6-14f6d876cbf8,land_mines,1111,35,1.4263529777526855,0.004000186920166016,182.0,1.5194813013076782,3,0.0,1.353734,2
StandardGP,87e49860-67d9-11f0-8dd6-14f6d876cbf8,land_mines,1111,36,1.4263529777526855,0.005997896194458008,302.0,1.5194813013076782,3,0.0,1.4490355,2
StandardGP,87e49860-67d9-11f0-8dd6-14f6d876cbf8,land_mines,1111,37,1.4263529777526855,0.00699925422668457,304.0,1.5194813013076782,3,0.0,2.2594626,2
StandardGP,87e49860-67d9-11f0-8dd6-14f6d876cbf8,land_mines,1111,38,1.4263529777526855,0.010971307754516602,402.0,1.5194813013076782,3,0.0,2.3699672,2
StandardGP,87e49860-67d9-11f0-8dd6-14f6d876cbf8,land_mines,1111,39,1.4263529777526855,0.015024900436401367,626.0,1.5194813013076782,3,0.0,1.4790131,2
StandardGP,87e49860-67d9-11f0-8dd6-14f6d876cbf8,land_mines,1111,40,1.4263529777526855,0.016956090927124023,790.0,1.5194813013076782,3,0.0,1.2317151,2
StandardGP,87e49860-67d9-11f0-8dd6-14f6d876cbf8,land_mines,1111,41,1.4263529777526855,0.016977787017822266,824.0,1.5194813013076782,3,0.0,1.0444745,2
StandardGP,87e49860-67d9-11f0-8dd6-14f6d876cbf8,land_mines,1111,42,1.4263529777526855,0.016995668411254883,722.0,1.5194813013076782,3,0.0,1.5907253,2
StandardGP,87e49860-67d9-11f0-8dd6-14f6d876cbf8,land_mines,1111,43,1.4263529777526855,0.018000125885009766,864.0,1.5194813013076782,3,0.0,0.6114647,2
StandardGP,87e49860-67d9-11f0-8dd6-14f6d876cbf8,land_mines,1111,44,1.4263529777526855,0.01800060272216797,874.0,1.5194813013076782,3,0.0,0.35354757,2
StandardGP,87e49860-67d9-11f0-8dd6-14f6d876cbf8,land_mines,1111,45,1.4263529777526855,0.01901078224182129,862.0,1.5194813013076782,3,0.0,0.48114693,2
StandardGP,87e49860-67d9-11f0-8dd6-14f6d876cbf8,land_mines,1111,46,1.4263529777526855,0.017993450164794922,814.0,1.5194813013076782,3,0.0,0.4897295,2
StandardGP,87e49860-67d9-11f0-8dd6-14f6d876cbf8,land_mines,1111,47,1.4263529777526855,0.018003225326538086,966.0,1.5194813013076782,3,0.0,2.8118296,2
StandardGP,87e49860-67d9-11f0-8dd6-14f6d876cbf8,land_mines,1111,48,1.4263529777526855,0.01799631118774414,954.0,1.5194813013076782,3,0.0,1.0981616,2
StandardGP,87e49860-67d9-11f0-8dd6-14f6d876cbf8,land_mines,1111,49,1.4263529777526855,0.020960092544555664,1020.0,1.5194813013076782,3,0.0,1.6534898,2
StandardGP,87e49860-67d9-11f0-8dd6-14f6d876cbf8,land_mines,1111,50,1.4263529777526855,0.018988370895385742,940.0,1.5194813013076782,3,0.0,1.4266344,2
StandardGP,87e49860-67d9-11f0-8dd6-14f6d876cbf8,land_mines,1111,51,1.4263529777526855,0.015999317169189453,910.0,1.5194813013076782,3,0.0,2.1014636,2
StandardGP,87e49860-67d9-11f0-8dd6-14f6d876cbf8,land_mines,1111,52,1.4263529777526855,0.019998788833618164,1100.0,1.5194813013076782,3,0.0,0.423668,2
StandardGP,87e49860-67d9-11f0-8dd6-14f6d876cbf8,land_mines,1111,53,1.4263529777526855,0.023038148880004883,1082.0,1.5194813013076782,3,0.0,0.5404654,2
StandardGP,87e49860-67d9-11f0-8dd6-14f6d876cbf8,land_mines,1111,54,1.4263529777526855,0.022000551223754883,1204.0,1.5194813013076782,3,0.0,0.20435955,2
StandardGP,87e49860-67d9-11f0-8dd6-14f6d876cbf8,land_mines,1111,55,1.4263529777526855,0.023000240325927734,1296.0,1.5194813013076782,3,0.0,0.7186406,2
StandardGP,87e49860-67d9-11f0-8dd6-14f6d876cbf8,land_mines,1111,56,1.4263529777526855,0.019004344940185547,1080.0,1.5194813013076782,3,0.0,4.2343106,2
StandardGP,87e49860-67d9-11f0-8dd6-14f6d876cbf8,land_mines,1111,57,1.4263529777526855,0.021999597549438477,1042.0,1.5194813013076782,3,0.0,0.8724716,2
StandardGP,87e49860-67d9-11f0-8dd6-14f6d876cbf8,land_mines,1111,58,1.4263529777526855,0.021992206573486328,1164.0,1.5194813013076782,3,0.0,0.7889715,2
StandardGP,87e49860-67d9-11f0-8dd6-14f6d876cbf8,land_mines,1111,59,1.4263529777526855,0.01896381378173828,1038.0,1.5194813013076782,3,0.0,0.4707598,2
StandardGP,87e49860-67d9-11f0-8dd6-14f6d876cbf8,land_mines,1111,60,1.4263529777526855,0.020997285842895508,996.0,1.5194813013076782,3,0.0,1.451456,2
StandardGP,87e49860-67d9-11f0-8dd6-14f6d876cbf8,land_mines,1111,61,1.4263529777526855,0.021998882293701172,1178.0,1.5194813013076782,3,0.0,1.1338671,2
StandardGP,87e49860-67d9-11f0-8dd6-14f6d876cbf8,land_mines,1111,62,1.4263529777526855,0.021999359130859375,1210.0,1.5194813013076782,3,0.0,2.514511,2
StandardGP,87e49860-67d9-11f0-8dd6-14f6d876cbf8,land_mines,1111,63,1.4263529777526855,0.02704453468322754,1328.0,1.5194813013076782,3,0.0,0.59132004,2
StandardGP,87e49860-67d9-11f0-8dd6-14f6d876cbf8,land_mines,1111,64,1.4263529777526855,0.02500152587890625,1238.0,1.5194813013076782,3,0.0,1.5540857,2
StandardGP,87e49860-67d9-11f0-8dd6-14f6d876cbf8,land_mines,1111,65,1.4263529777526855,0.023003816604614258,1206.0,1.5194813013076782,3,0.0,1.1221839,2
StandardGP,87e49860-67d9-11f0-8dd6-14f6d876cbf8,land_mines,1111,66,1.4263529777526855,0.02520298957824707,1310.0,1.5194813013076782,3,0.0,0.5322215,2
StandardGP,87e49860-67d9-11f0-8dd6-14f6d876cbf8,land_mines,1111,67,1.4263529777526855,0.025004863739013672,1200.0,1.5194813013076782,3,0.0,0.54302484,2
StandardGP,87e49860-67d9-11f0-8dd6-14f6d876cbf8,land_mines,1111,68,1.4263529777526855,0.023997783660888672,1168.0,1.5194813013076782,3,0.0,1.8205552,2
StandardGP,87e49860-67d9-11f0-8dd6-14f6d876cbf8,land_mines,1111,69,1.4263529777526855,0.021998167037963867,1166.0,1.5194813013076782,3,0.0,0.8776196,2
StandardGP,87e49860-67d9-11f0-8dd6-14f6d876cbf8,land_mines,1111,70,1.4263529777526855,0.02504277229309082,968.0,1.5194813013076782,3,0.0,1.5125338,2
StandardGP,87e49860-67d9-11f0-8dd6-14f6d876cbf8,land_mines,1111,71,1.4263529777526855,0.018983840942382812,926.0,1.5194813013076782,3,0.0,0.8348205,2
StandardGP,87e49860-67d9-11f0-8dd6-14f6d876cbf8,land_mines,1111,72,1.4263529777526855,0.020002365112304688,1014.0,1.5194813013076782,3,0.0,2.4578197,2
StandardGP,87e49860-67d9-11f0-8dd6-14f6d876cbf8,land_mines,1111,73,1.4263529777526855,0.020999908447265625,1038.0,1.5194813013076782,3,0.0,0.8275348,2
StandardGP,87e49860-67d9-11f0-8dd6-14f6d876cbf8,land_mines,1111,74,1.4263529777526855,0.019997596740722656,1140.0,1.5194813013076782,3,0.0,0.35125804,2
StandardGP,87e49860-67d9-11f0-8dd6-14f6d876cbf8,land_mines,1111,75,1.4263529777526855,0.020998239517211914,1182.0,1.5194813013076782,3,0.0,0.49437973,2
StandardGP,87e49860-67d9-11f0-8dd6-14f6d876cbf8,land_mines,1111,76,1.4263529777526855,0.02096080780029297,1074.0,1.5194813013076782,3,0.0,1.0638678,2
StandardGP,87e49860-67d9-11f0-8dd6-14f6d876cbf8,land_mines,1111,77,1.4263529777526855,0.022020578384399414,1056.0,1.5194813013076782,3,0.0,0.74144155,2
StandardGP,87e49860-67d9-11f0-8dd6-14f6d876cbf8,land_mines,1111,78,1.4263529777526855,0.022955894470214844,1328.0,1.5194813013076782,3,0.0,0.8888634,2
StandardGP,87e49860-67d9-11f0-8dd6-14f6d876cbf8,land_mines,1111,79,1.4263529777526855,0.03003835678100586,1366.0,1.5194813013076782,3,0.0,0.74904466,2
StandardGP,87e49860-67d9-11f0-8dd6-14f6d876cbf8,land_mines,1111,80,1.4263529777526855,0.021003246307373047,1258.0,1.5194813013076782,3,0.0,0.7850648,2
StandardGP,87e49860-67d9-11f0-8dd6-14f6d876cbf8,land_mines,1111,81,1.4263529777526855,0.02599954605102539,1398.0,1.5194813013076782,3,0.0,0.43869585,2
StandardGP,87e49860-67d9-11f0-8dd6-14f6d876cbf8,land_mines,1111,82,1.4263529777526855,0.02399921417236328,1498.0,1.5194813013076782,3,0.0,1.5757712,2
StandardGP,87e49860-67d9-11f0-8dd6-14f6d876cbf8,land_mines,1111,83,1.4263529777526855,0.023995637893676758,1510.0,1.5194813013076782,3,0.0,1.417038,2
StandardGP,87e49860-67d9-11f0-8dd6-14f6d876cbf8,land_mines,1111,84,1.4263529777526855,0.028997421264648438,1582.0,1.5194813013076782,3,0.0,0.5140308,2
StandardGP,87e49860-67d9-11f0-8dd6-14f6d876cbf8,land_mines,1111,85,1.4263529777526855,0.03795671463012695,1542.0,1.5194813013076782,3,0.0,0.4535084,2
StandardGP,87e49860-67d9-11f0-8dd6-14f6d876cbf8,land_mines,1111,86,1.4263529777526855,0.02899909019470215,1444.0,1.5194813013076782,3,0.0,0.34204987,2
StandardGP,87e49860-67d9-11f0-8dd6-14f6d876cbf8,land_mines,1111,87,1.4263529777526855,0.0299990177154541,1606.0,1.5194813013076782,3,0.0,0.7797725,2
StandardGP,87e49860-67d9-11f0-8dd6-14f6d876cbf8,land_mines,1111,88,1.4263529777526855,0.026003599166870117,1376.0,1.5194813013076782,3,0.0,1.1851544,2
StandardGP,87e49860-67d9-11f0-8dd6-14f6d876cbf8,land_mines,1111,89,1.4263529777526855,0.02604508399963379,1420.0,1.5194813013076782,3,0.0,0.7753589,2
StandardGP,87e49860-67d9-11f0-8dd6-14f6d876cbf8,land_mines,1111,90,1.4263529777526855,0.022954940795898438,1402.0,1.5194813013076782,3,0.0,2.635879,2
StandardGP,87e49860-67d9-11f0-8dd6-14f6d876cbf8,land_mines,1111,91,1.4263529777526855,0.02103900909423828,1306.0,1.5194813013076782,3,0.0,2.0023532,2
StandardGP,87e49860-67d9-11f0-8dd6-14f6d876cbf8,land_mines,1111,92,1.4263529777526855,0.025003433227539062,1332.0,1.5194813013076782,3,0.0,0.46790951,2
StandardGP,87e49860-67d9-11f0-8dd6-14f6d876cbf8,land_mines,1111,93,1.4263529777526855,0.03851175308227539,1490.0,1.5194813013076782,3,0.0,0.7646952,2
StandardGP,87e49860-67d9-11f0-8dd6-14f6d876cbf8,land_mines,1111,94,1.4263529777526855,0.033004045486450195,1390.0,1.5194813013076782,3,0.0,0.54470915,2
StandardGP,87e49860-67d9-11f0-8dd6-14f6d876cbf8,land_mines,1111,95,1.4263529777526855,0.034964799880981445,1452.0,1.5194813013076782,3,0.0,0.3866834,2
StandardGP,87e49860-67d9-11f0-8dd6-14f6d876cbf8,land_mines,1111,96,1.4263529777526855,0.029999494552612305,1332.0,1.5194813013076782,3,0.0,1.744372,2
StandardGP,87e49860-67d9-11f0-8dd6-14f6d876cbf8,land_mines,1111,97,1.4263529777526855,0.024999141693115234,1202.0,1.5194813013076782,3,0.0,1.5787098,2
StandardGP,87e49860-67d9-11f0-8dd6-14f6d876cbf8,land_mines,1111,98,1.4263529777526855,0.024998903274536133,1234.0,1.5194813013076782,3,0.0,3.4094887,2
StandardGP,87e49860-67d9-11f0-8dd6-14f6d876cbf8,land_mines,1111,99,1.4263529777526855,0.029042720794677734,1358.0,1.5194813013076782,3,0.0,0.5018216,2
StandardGP,87e49860-67d9-11f0-8dd6-14f6d876cbf8,land_mines,1111,100,1.4263529777526855,0.036951303482055664,1422.0,1.5194813013076782,3,0.0,0.9057828,2
StandardGP,a27df2f6-67d9-11f0-92b5-14f6d876cbf8,land_mines,111,0,1.4263529777526855,0.01800060272216797,254.0,1.5194813013076782,3,0.0,6.1868534,2
StandardGP,a27df2f6-67d9-11f0-92b5-14f6d876cbf8,land_mines,111,1,1.4263529777526855,0.013001441955566406,252.0,1.5194813013076782,3,0.0,3.5408185,2
StandardGP,a27df2f6-67d9-11f0-92b5-14f6d876cbf8,land_mines,111,2,1.4263529777526855,0.009000301361083984,250.0,1.5194813013076782,3,0.0,3.8833504,2
StandardGP,a27df2f6-67d9-11f0-92b5-14f6d876cbf8,land_mines,111,3,1.4263529777526855,0.007993221282958984,310.0,1.5194813013076782,3,0.0,1.4283416,2
StandardGP,a27df2f6-67d9-11f0-92b5-14f6d876cbf8,land_mines,111,4,1.4263529777526855,0.009000062942504883,398.0,1.5194813013076782,3,0.0,1.0610473,2
StandardGP,a27df2f6-67d9-11f0-92b5-14f6d876cbf8,land_mines,111,5,1.4263529777526855,0.01099705696105957,566.0,1.5194813013076782,3,0.0,1.026496,2
StandardGP,a27df2f6-67d9-11f0-92b5-14f6d876cbf8,land_mines,111,6,1.4263529777526855,0.010999679565429688,584.0,1.5194813013076782,3,0.0,3.986769,2
StandardGP,a27df2f6-67d9-11f0-92b5-14f6d876cbf8,land_mines,111,7,1.4263529777526855,0.010999441146850586,594.0,1.5194813013076782,3,0.0,1.876439,2
StandardGP,a27df2f6-67d9-11f0-92b5-14f6d876cbf8,land_mines,111,8,1.4263529777526855,0.013000726699829102,612.0,1.5194813013076782,3,0.0,2.0233893,2
StandardGP,a27df2f6-67d9-11f0-92b5-14f6d876cbf8,land_mines,111,9,1.4263529777526855,0.010999202728271484,702.0,1.5194813013076782,3,0.0,1.0810252,2
StandardGP,a27df2f6-67d9-11f0-92b5-14f6d876cbf8,land_mines,111,10,1.4261698722839355,0.010999202728271484,632.0,1.5154435634613037,17,0.0,8.331922,2
StandardGP,a27df2f6-67d9-11f0-92b5-14f6d876cbf8,land_mines,111,11,1.4261698722839355,0.012998819351196289,630.0,1.5154435634613037,17,0.0,5.5266185,2
StandardGP,a27df2f6-67d9-11f0-92b5-14f6d876cbf8,land_mines,111,12,1.4261667728424072,0.011992931365966797,706.0,1.5162949562072754,17,0.0,2.4911313,2
StandardGP,a27df2f6-67d9-11f0-92b5-14f6d876cbf8,land_mines,111,13,1.4261422157287598,0.012999773025512695,786.0,1.5168421268463135,17,0.0,3.5443616,2
StandardGP,a27df2f6-67d9-11f0-92b5-14f6d876cbf8,land_mines,111,14,1.4261422157287598,0.01701188087463379,878.0,1.5168421268463135,17,0.0,9.007836,2
StandardGP,a27df2f6-67d9-11f0-92b5-14f6d876cbf8,land_mines,111,15,1.426119089126587,0.020006656646728516,912.0,1.5160788297653198,17,0.0,6.6244345,2
StandardGP,a27df2f6-67d9-11f0-92b5-14f6d876cbf8,land_mines,111,16,1.426119089126587,0.017992258071899414,918.0,1.5160788297653198,17,0.0,1.7707882,2
StandardGP,a27df2f6-67d9-11f0-92b5-14f6d876cbf8,land_mines,111,17,1.426119089126587,0.01995849609375,974.0,1.5160788297653198,17,0.0,87.207184,2
StandardGP,a27df2f6-67d9-11f0-92b5-14f6d876cbf8,land_mines,111,18,1.426119089126587,0.023030519485473633,1096.0,1.5160788297653198,17,0.0,2.2525644,2
StandardGP,a27df2f6-67d9-11f0-92b5-14f6d876cbf8,land_mines,111,19,1.4260317087173462,0.02004075050354004,1070.0,1.515825629234314,15,0.0,1.8028699,2
StandardGP,a27df2f6-67d9-11f0-92b5-14f6d876cbf8,land_mines,111,20,1.4260317087173462,0.01804351806640625,1004.0,1.515825629234314,15,0.0,1.615365,2
StandardGP,a27df2f6-67d9-11f0-92b5-14f6d876cbf8,land_mines,111,21,1.4260317087173462,0.01597905158996582,962.0,1.515825629234314,15,0.0,0.7465281,2
StandardGP,a27df2f6-67d9-11f0-92b5-14f6d876cbf8,land_mines,111,22,1.4260317087173462,0.016999244689941406,1062.0,1.515825629234314,15,0.0,3.4854984,2
StandardGP,a27df2f6-67d9-11f0-92b5-14f6d876cbf8,land_mines,111,23,1.4260317087173462,0.018996715545654297,1162.0,1.515825629234314,15,0.0,0.947194,2
StandardGP,a27df2f6-67d9-11f0-92b5-14f6d876cbf8,land_mines,111,24,1.4260317087173462,0.022977590560913086,1186.0,1.515825629234314,15,0.0,2.9398515,2
StandardGP,a27df2f6-67d9-11f0-92b5-14f6d876cbf8,land_mines,111,25,1.4260317087173462,0.01800394058227539,1150.0,1.515825629234314,15,0.0,2.2224658,2
StandardGP,a27df2f6-67d9-11f0-92b5-14f6d876cbf8,land_mines,111,26,1.4260317087173462,0.023957252502441406,1214.0,1.515825629234314,15,0.0,1.4964521,2
StandardGP,a27df2f6-67d9-11f0-92b5-14f6d876cbf8,land_mines,111,27,1.4260317087173462,0.022008657455444336,1272.0,1.515825629234314,15,0.0,0.95863587,2
StandardGP,a27df2f6-67d9-11f0-92b5-14f6d876cbf8,land_mines,111,28,1.4260317087173462,0.026827335357666016,1554.0,1.515825629234314,15,0.0,0.6892826,2
StandardGP,a27df2f6-67d9-11f0-92b5-14f6d876cbf8,land_mines,111,29,1.4260317087173462,0.02702617645263672,1642.0,1.515825629234314,15,0.0,4.3569784,2
StandardGP,a27df2f6-67d9-11f0-92b5-14f6d876cbf8,land_mines,111,30,1.4260317087173462,0.02401280403137207,1510.0,1.515825629234314,15,0.0,0.94826335,2
StandardGP,a27df2f6-67d9-11f0-92b5-14f6d876cbf8,land_mines,111,31,1.4260317087173462,0.024956464767456055,1542.0,1.515825629234314,15,0.0,4.1885114,2
StandardGP,a27df2f6-67d9-11f0-92b5-14f6d876cbf8,land_mines,111,32,1.4260317087173462,0.026041507720947266,1696.0,1.515825629234314,15,0.0,10.305385,2
StandardGP,a27df2f6-67d9-11f0-92b5-14f6d876cbf8,land_mines,111,33,1.4260317087173462,0.0309600830078125,1676.0,1.515825629234314,15,0.0,2.1436162,2
StandardGP,a27df2f6-67d9-11f0-92b5-14f6d876cbf8,land_mines,111,34,1.4260317087173462,0.028037548065185547,1582.0,1.515825629234314,15,0.0,1.2600684,2
StandardGP,a27df2f6-67d9-11f0-92b5-14f6d876cbf8,land_mines,111,35,1.4260317087173462,0.02804279327392578,1512.0,1.515825629234314,15,0.0,1.6900568,2
StandardGP,a27df2f6-67d9-11f0-92b5-14f6d876cbf8,land_mines,111,36,1.4260317087173462,0.02398991584777832,1560.0,1.515825629234314,15,0.0,1.3197932,2
StandardGP,a27df2f6-67d9-11f0-92b5-14f6d876cbf8,land_mines,111,37,1.4260317087173462,0.022004127502441406,1580.0,1.515825629234314,15,0.0,1.1536461,2
StandardGP,a27df2f6-67d9-11f0-92b5-14f6d876cbf8,land_mines,111,38,1.4260317087173462,0.023007869720458984,1690.0,1.515825629234314,15,0.0,86.83643,2
StandardGP,a27df2f6-67d9-11f0-92b5-14f6d876cbf8,land_mines,111,39,1.4260317087173462,0.023999691009521484,1712.0,1.515825629234314,15,0.0,2.9673173,2
StandardGP,a27df2f6-67d9-11f0-92b5-14f6d876cbf8,land_mines,111,40,1.4260317087173462,0.0240018367767334,1804.0,1.515825629234314,15,0.0,107.94166,2
StandardGP,a27df2f6-67d9-11f0-92b5-14f6d876cbf8,land_mines,111,41,1.4260317087173462,0.03800034523010254,1648.0,1.515825629234314,15,0.0,23.267818,2
StandardGP,a27df2f6-67d9-11f0-92b5-14f6d876cbf8,land_mines,111,42,1.4260317087173462,0.03255128860473633,1548.0,1.515825629234314,15,0.0,0.3594821,2
StandardGP,a27df2f6-67d9-11f0-92b5-14f6d876cbf8,land_mines,111,43,1.4260317087173462,0.025017499923706055,1480.0,1.515825629234314,15,0.0,1.1541137,2
StandardGP,a27df2f6-67d9-11f0-92b5-14f6d876cbf8,land_mines,111,44,1.4260317087173462,0.025005817413330078,1352.0,1.515825629234314,15,0.0,2.8863573,2
StandardGP,a27df2f6-67d9-11f0-92b5-14f6d876cbf8,land_mines,111,45,1.4260317087173462,0.019995927810668945,1236.0,1.515825629234314,15,0.0,0.77038705,2
StandardGP,a27df2f6-67d9-11f0-92b5-14f6d876cbf8,land_mines,111,46,1.4260317087173462,0.022038936614990234,1236.0,1.515825629234314,15,0.0,0.71262765,2
StandardGP,a27df2f6-67d9-11f0-92b5-14f6d876cbf8,land_mines,111,47,1.4260317087173462,0.024001359939575195,1450.0,1.515825629234314,15,0.0,0.7254411,2
StandardGP,a27df2f6-67d9-11f0-92b5-14f6d876cbf8,land_mines,111,48,1.4260317087173462,0.023957252502441406,1544.0,1.515825629234314,15,0.0,0.3921318,2
StandardGP,a27df2f6-67d9-11f0-92b5-14f6d876cbf8,land_mines,111,49,1.4260317087173462,0.038002967834472656,1610.0,1.515825629234314,15,0.0,0.29502892,2
StandardGP,a27df2f6-67d9-11f0-92b5-14f6d876cbf8,land_mines,111,50,1.4260317087173462,0.027008056640625,1570.0,1.515825629234314,15,0.0,7.8002048,2
StandardGP,a27df2f6-67d9-11f0-92b5-14f6d876cbf8,land_mines,111,51,1.4260317087173462,0.028789758682250977,1522.0,1.515825629234314,15,0.0,0.1611836,2
StandardGP,a27df2f6-67d9-11f0-92b5-14f6d876cbf8,land_mines,111,52,1.4260317087173462,0.026008129119873047,1564.0,1.515825629234314,15,0.0,0.60151213,2
StandardGP,a27df2f6-67d9-11f0-92b5-14f6d876cbf8,land_mines,111,53,1.4260317087173462,0.03100109100341797,1574.0,1.515825629234314,15,0.0,1.1904169,2
StandardGP,a27df2f6-67d9-11f0-92b5-14f6d876cbf8,land_mines,111,54,1.4260317087173462,0.024956941604614258,1596.0,1.515825629234314,15,0.0,0.6795103,2
StandardGP,a27df2f6-67d9-11f0-92b5-14f6d876cbf8,land_mines,111,55,1.4260317087173462,0.023999452590942383,1492.0,1.515825629234314,15,0.0,0.1715096,2
StandardGP,a27df2f6-67d9-11f0-92b5-14f6d876cbf8,land_mines,111,56,1.4260317087173462,0.02299952507019043,1524.0,1.515825629234314,15,0.0,2.89258,2
StandardGP,a27df2f6-67d9-11f0-92b5-14f6d876cbf8,land_mines,111,57,1.4260317087173462,0.020999670028686523,1516.0,1.515825629234314,15,0.0,239.31651,2
StandardGP,a27df2f6-67d9-11f0-92b5-14f6d876cbf8,land_mines,111,58,1.4260317087173462,0.025002241134643555,1496.0,1.515825629234314,15,0.0,41.1776,2
StandardGP,a27df2f6-67d9-11f0-92b5-14f6d876cbf8,land_mines,111,59,1.4260317087173462,0.023040056228637695,1410.0,1.515825629234314,15,0.0,1.3538704,2
StandardGP,a27df2f6-67d9-11f0-92b5-14f6d876cbf8,land_mines,111,60,1.4260317087173462,0.02100086212158203,1382.0,1.515825629234314,15,0.0,0.8127169,2
StandardGP,a27df2f6-67d9-11f0-92b5-14f6d876cbf8,land_mines,111,61,1.4260317087173462,0.02400064468383789,1428.0,1.515825629234314,15,0.0,4.5708013,2
StandardGP,a27df2f6-67d9-11f0-92b5-14f6d876cbf8,land_mines,111,62,1.4260317087173462,0.020997047424316406,1386.0,1.515825629234314,15,0.0,1896.5629,2
StandardGP,a27df2f6-67d9-11f0-92b5-14f6d876cbf8,land_mines,111,63,1.4260317087173462,0.021957874298095703,1316.0,1.515825629234314,15,0.0,2.8944073,2
StandardGP,a27df2f6-67d9-11f0-92b5-14f6d876cbf8,land_mines,111,64,1.4260317087173462,0.023999929428100586,1230.0,1.515825629234314,15,0.0,3.0035431,2
StandardGP,a27df2f6-67d9-11f0-92b5-14f6d876cbf8,land_mines,111,65,1.4260317087173462,0.021999597549438477,1262.0,1.515825629234314,15,0.0,0.6122609,2
StandardGP,a27df2f6-67d9-11f0-92b5-14f6d876cbf8,land_mines,111,66,1.4260317087173462,0.018999099731445312,1268.0,1.515825629234314,15,0.0,1.1972429,2
StandardGP,a27df2f6-67d9-11f0-92b5-14f6d876cbf8,land_mines,111,67,1.4260317087173462,0.023035049438476562,1368.0,1.515825629234314,15,0.0,3.3505237,2
StandardGP,a27df2f6-67d9-11f0-92b5-14f6d876cbf8,land_mines,111,68,1.4260317087173462,0.025006532669067383,1376.0,1.515825629234314,15,0.0,240.28964,2
StandardGP,a27df2f6-67d9-11f0-92b5-14f6d876cbf8,land_mines,111,69,1.4260317087173462,0.023038864135742188,1412.0,1.515825629234314,15,0.0,7.906874,2
StandardGP,a27df2f6-67d9-11f0-92b5-14f6d876cbf8,land_mines,111,70,1.4260317087173462,0.030002593994140625,1532.0,1.515825629234314,15,0.0,0.6730284,2
StandardGP,a27df2f6-67d9-11f0-92b5-14f6d876cbf8,land_mines,111,71,1.4260317087173462,0.029985666275024414,1534.0,1.515825629234314,15,0.0,4.2625437,2
StandardGP,a27df2f6-67d9-11f0-92b5-14f6d876cbf8,land_mines,111,72,1.4260317087173462,0.03200173377990723,1568.0,1.515825629234314,15,0.0,101.93466,2
StandardGP,a27df2f6-67d9-11f0-92b5-14f6d876cbf8,land_mines,111,73,1.4260317087173462,0.025007247924804688,1330.0,1.515825629234314,15,0.0,3.16376,2
StandardGP,a27df2f6-67d9-11f0-92b5-14f6d876cbf8,land_mines,111,74,1.4260317087173462,0.02400350570678711,1296.0,1.515825629234314,15,0.0,9.879556,2
StandardGP,a27df2f6-67d9-11f0-92b5-14f6d876cbf8,land_mines,111,75,1.4260317087173462,0.025999784469604492,1228.0,1.515825629234314,15,0.0,0.41834003,2
StandardGP,a27df2f6-67d9-11f0-92b5-14f6d876cbf8,land_mines,111,76,1.4260317087173462,0.022005558013916016,1298.0,1.515825629234314,15,0.0,0.42995012,2
StandardGP,a27df2f6-67d9-11f0-92b5-14f6d876cbf8,land_mines,111,77,1.4260317087173462,0.021978139877319336,1304.0,1.515825629234314,15,0.0,1.3524619,2
StandardGP,a27df2f6-67d9-11f0-92b5-14f6d876cbf8,land_mines,111,78,1.4260317087173462,0.023000478744506836,1388.0,1.515825629234314,15,0.0,0.41903308,2
StandardGP,a27df2f6-67d9-11f0-92b5-14f6d876cbf8,land_mines,111,79,1.4260317087173462,0.026960134506225586,1448.0,1.515825629234314,15,0.0,0.73071355,2
StandardGP,a27df2f6-67d9-11f0-92b5-14f6d876cbf8,land_mines,111,80,1.4260317087173462,0.02701258659362793,1456.0,1.515825629234314,15,0.0,0.6879055,2
StandardGP,a27df2f6-67d9-11f0-92b5-14f6d876cbf8,land_mines,111,81,1.4260317087173462,0.024045228958129883,1554.0,1.515825629234314,15,0.0,0.38509107,2
StandardGP,a27df2f6-67d9-11f0-92b5-14f6d876cbf8,land_mines,111,82,1.4260317087173462,0.026001453399658203,1518.0,1.515825629234314,15,0.0,0.46823677,2
StandardGP,a27df2f6-67d9-11f0-92b5-14f6d876cbf8,land_mines,111,83,1.4260317087173462,0.026952743530273438,1546.0,1.515825629234314,15,0.0,0.4978273,2
StandardGP,a27df2f6-67d9-11f0-92b5-14f6d876cbf8,land_mines,111,84,1.4260317087173462,0.02300548553466797,1526.0,1.515825629234314,15,0.0,41.362175,2
StandardGP,a27df2f6-67d9-11f0-92b5-14f6d876cbf8,land_mines,111,85,1.4260317087173462,0.022999286651611328,1536.0,1.515825629234314,15,0.0,33.845848,2
StandardGP,a27df2f6-67d9-11f0-92b5-14f6d876cbf8,land_mines,111,86,1.4260317087173462,0.022999048233032227,1572.0,1.515825629234314,15,0.0,2.896353,2
StandardGP,a27df2f6-67d9-11f0-92b5-14f6d876cbf8,land_mines,111,87,1.4260317087173462,0.02199840545654297,1582.0,1.515825629234314,15,0.0,3.2759936,2
StandardGP,a27df2f6-67d9-11f0-92b5-14f6d876cbf8,land_mines,111,88,1.4260317087173462,0.023038625717163086,1566.0,1.515825629234314,15,0.0,1.3585331,2
StandardGP,a27df2f6-67d9-11f0-92b5-14f6d876cbf8,land_mines,111,89,1.4260317087173462,0.026964187622070312,1392.0,1.515825629234314,15,0.0,1.2472857,2
StandardGP,a27df2f6-67d9-11f0-92b5-14f6d876cbf8,land_mines,111,90,1.4260317087173462,0.02200150489807129,1292.0,1.515825629234314,15,0.0,4.2833133,2
StandardGP,a27df2f6-67d9-11f0-92b5-14f6d876cbf8,land_mines,111,91,1.4260317087173462,0.020015478134155273,1130.0,1.515825629234314,15,0.0,1.1370342,2
StandardGP,a27df2f6-67d9-11f0-92b5-14f6d876cbf8,land_mines,111,92,1.4260317087173462,0.025027036666870117,1054.0,1.515825629234314,15,0.0,0.66430575,2
StandardGP,a27df2f6-67d9-11f0-92b5-14f6d876cbf8,land_mines,111,93,1.4260317087173462,0.022986412048339844,950.0,1.515825629234314,15,0.0,4.245838,2
StandardGP,a27df2f6-67d9-11f0-92b5-14f6d876cbf8,land_mines,111,94,1.4260317087173462,0.02200031280517578,978.0,1.515825629234314,15,0.0,11.992914,2
StandardGP,a27df2f6-67d9-11f0-92b5-14f6d876cbf8,land_mines,111,95,1.4260317087173462,0.023020505905151367,1082.0,1.515825629234314,15,0.0,30.334501,2
StandardGP,a27df2f6-67d9-11f0-92b5-14f6d876cbf8,land_mines,111,96,1.4260317087173462,0.023996829986572266,1252.0,1.515825629234314,15,0.0,3.003361,2
StandardGP,a27df2f6-67d9-11f0-92b5-14f6d876cbf8,land_mines,111,97,1.4260317087173462,0.022962570190429688,1182.0,1.515825629234314,15,0.0,7.4370346,2
StandardGP,a27df2f6-67d9-11f0-92b5-14f6d876cbf8,land_mines,111,98,1.4260317087173462,0.021000385284423828,1168.0,1.515825629234314,15,0.0,11.847068,2
StandardGP,a27df2f6-67d9-11f0-92b5-14f6d876cbf8,land_mines,111,99,1.4260317087173462,0.021034955978393555,1112.0,1.515825629234314,15,0.0,4.0790377,2
StandardGP,a27df2f6-67d9-11f0-92b5-14f6d876cbf8,land_mines,111,100,1.4260317087173462,0.016999483108520508,1058.0,1.515825629234314,15,0.0,1.284726,2
